{"RuleTriggered": 0, "Violations": 0, "Details": {"pin_memory": false, "num_workers": 0, "cores": 4, "dataloaders": 1, "dataloading_time": {"p25": 0.6021825000000001, "p50": 0.6616245000000001, "p95": 0.8687784499999999, "probs": [1, 0, 0, 1, 0, 0, 0, 0, 0, 0, 0, 0, 1, 0, 0, 0, 0, 0, 0, 0, 0, 0, 0, 0, 1, 0, 0, 0, 0, 1, 0, 0, 1, 0, 0, 0, 0, 0, 0, 0, 0, 0, 1, 1, 0, 0, 0, 0, 0, 0, 0, 0, 0, 0, 0, 0, 0, 0, 0, 0, 0, 0, 0, 0, 0, 0, 0, 0, 0, 0, 1, 0, 0, 0, 0, 0, 0, 0, 0, 0, 0, 0, 0, 0, 0, 0, 0, 0, 0, 0, 0, 0, 0, 0, 0, 0, 0, 0, 0, 1], "binedges": [0.545988, 0.54970703, 0.55342606, 0.55714509, 0.5608641200000001, 0.56458315, 0.56830218, 0.5720212100000001, 0.57574024, 0.5794592700000001, 0.5831783, 0.58689733, 0.5906163600000001, 0.59433539, 0.59805442, 0.60177345, 0.60549248, 0.6092115100000001, 0.61293054, 0.61664957, 0.6203686, 0.62408763, 0.6278066600000001, 0.63152569, 0.63524472, 0.63896375, 0.64268278, 0.64640181, 0.65012084, 0.65383987, 0.6575589000000001, 0.66127793, 0.6649969600000001, 0.66871599, 0.67243502, 0.6761540500000001, 0.67987308, 0.68359211, 0.68731114, 0.69103017, 0.6947492, 0.69846823, 0.7021872600000001, 0.70590629, 0.70962532, 0.7133443500000001, 0.71706338, 0.72078241, 0.72450144, 0.72822047, 0.7319395, 0.73565853, 0.73937756, 0.7430965900000001, 0.74681562, 0.7505346500000001, 0.75425368, 0.75797271, 0.7616917400000001, 0.76541077, 0.7691298, 0.77284883, 0.77656786, 0.78028689, 0.78400592, 0.7877249500000001, 0.79144398, 0.79516301, 0.7988820400000001, 0.80260107, 0.8063201, 0.81003913, 0.81375816, 0.81747719, 0.82119622, 0.8249152500000001, 0.82863428, 0.83235331, 0.8360723400000001, 0.83979137, 0.8435104, 0.8472294300000001, 0.85094846, 0.85466749, 0.85838652, 0.86210555, 0.86582458, 0.86954361, 0.8732626400000001, 0.87698167, 0.8807007, 0.8844197300000001, 0.88813876, 0.89185779, 0.89557682, 0.89929585, 0.90301488, 0.90673391, 0.9104529400000001, 0.91417197, 0.917891]}}, "Datapoints": 10, "RuleParameters": "min_threshold:70\nmax_threshold:200"}