{"RuleTriggered": 0, "Violations": 16, "Details": {"low_gpu_utilization": 1295, "bottlenecks": {"1730893459.500967": {"GPUs": 1, "CPUs": 1}, "1730893579.501697": {"GPUs": 1, "CPUs": 1}, "1730893580.501053": {"GPUs": 1, "CPUs": 1}, "1730893636.001559": {"GPUs": 1, "CPUs": 1}, "1730893640.001348": {"GPUs": 1, "CPUs": 1}, "1730893641.00162": {"GPUs": 1, "CPUs": 1}, "1730893642.000936": {"GPUs": 1, "CPUs": 1}, "1730893642.501299": {"GPUs": 1, "CPUs": 1}, "1730893643.001604": {"GPUs": 1, "CPUs": 1}, "1730893653.50114": {"GPUs": 1, "CPUs": 1}, "1730893656.001082": {"GPUs": 1, "CPUs": 1}, "1730893669.001167": {"GPUs": 1, "CPUs": 1}, "1730893758.501142": {"GPUs": 1, "CPUs": 1}, "1730893760.5012": {"GPUs": 1, "CPUs": 1}, "1730894083.501529": {"GPUs": 1, "CPUs": 1}, "1730894086.007062": {"GPUs": 1, "CPUs": 1}}}, "Datapoints": 1883, "RuleParameters": "threshold:50\nio_threshold:50\ngpu_threshold:10\npatience:1000"}