{"RuleTriggered": 0, "Violations": 0, "Details": {"step_num": {"first": 1730893657768565, "last": 1730894277120113}, "job_start": 1730893340.000648, "job_end": 1730894279.501929}, "Datapoints": 833, "RuleParameters": "threshold:20"}