{"RuleTriggered": 0, "Violations": 0, "Details": {"step_details": {"algo-1-53": {"step_stats": {"mean": 0.0460105768707483, "max": 11.471863, "p99": 0.042428539999999994, "p95": 0.0194605, "p50": 0.016684, "min": 0.013756}, "number_of_outliers": 2, "phase": "Step:ModeKeys.TRAIN", "stddev": 0.55, "probs": [3, 3, 3, 52, 168, 120, 102, 73, 101, 47, 19, 8, 5, 5, 2, 3, 4, 4, 1, 0, 0, 0, 0, 1, 0, 0, 0, 0, 0, 0, 0, 0, 0, 0, 0, 0, 0, 0, 0, 0, 0, 0, 0, 0, 0, 0, 0, 0, 0, 0, 0, 0, 0, 0, 0, 0, 1, 0, 1, 1, 1, 0, 1, 1, 0, 0, 0, 0, 0, 0, 0, 0, 1, 0, 0, 0, 1, 0, 0, 0, 0, 0, 0, 0, 0, 0, 0, 0, 0, 0, 0, 0, 0, 0, 0, 0, 0, 0, 0, 1], "binedges": [0.013756, 0.014232360000000001, 0.014708720000000002, 0.01518508, 0.015661440000000002, 0.0161378, 0.016614160000000003, 0.01709052, 0.01756688, 0.018043240000000002, 0.0185196, 0.01899596, 0.01947232, 0.01994868, 0.020425040000000002, 0.0209014, 0.021377760000000003, 0.02185412, 0.02233048, 0.022806840000000002, 0.0232832, 0.02375956, 0.02423592, 0.024712280000000003, 0.02518864, 0.025665, 0.026141360000000002, 0.02661772, 0.02709408, 0.02757044, 0.0280468, 0.02852316, 0.02899952, 0.02947588, 0.02995224, 0.0304286, 0.030904960000000002, 0.031381320000000004, 0.03185768, 0.03233404, 0.0328104, 0.03328676, 0.03376312, 0.03423948, 0.03471584, 0.0351922, 0.03566856, 0.03614492, 0.036621280000000006, 0.03709764, 0.037573999999999996, 0.038050360000000005, 0.03852672, 0.03900308, 0.039479440000000005, 0.0399558, 0.04043216, 0.040908520000000004, 0.04138488, 0.04186124, 0.0423376, 0.04281396, 0.04329032, 0.04376668, 0.04424304, 0.0447194, 0.04519576, 0.04567212, 0.046148480000000006, 0.04662484, 0.047101199999999996, 0.047577560000000005, 0.04805392, 0.048530279999999995, 0.049006640000000004, 0.049483, 0.049959359999999994, 0.05043572, 0.05091208, 0.05138844000000001, 0.0518648, 0.05234116, 0.05281752000000001, 0.05329388, 0.05377024, 0.054246600000000006, 0.05472296, 0.055199319999999996, 0.055675680000000005, 0.05615204, 0.056628399999999995, 0.057104760000000004, 0.05758112, 0.058057479999999995, 0.058533840000000004, 0.0590102, 0.05948656000000001, 0.05996292, 0.06043928, 0.06091564000000001, 0.061392], "step_numbers": ["0", "500"]}}}, "Datapoints": 833, "RuleParameters": "threshold:3\nmode:None\nn_outliers:10\nstddev:3"}